[{"id":"6289505329516@s.whatsapp.net","xp":1,"level":1},{"id":"6289505329516@s.whatsapp.net","xp":1,"level":1},{"id":"6281228345749@s.whatsapp.net","xp":1,"level":1},{"id":"6281228345749@s.whatsapp.net","xp":1,"level":1},{"id":"6283890712130@s.whatsapp.net","xp":1,"level":1},{"id":"6283890712130@s.whatsapp.net","xp":1,"level":1},{"id":"6282245826313@s.whatsapp.net","xp":1,"level":1},{"id":"6282245826313@s.whatsapp.net","xp":1,"level":1},{"id":"6282315819831@s.whatsapp.net","xp":1,"level":1},{"id":"18325835870@s.whatsapp.net","xp":1,"level":1},{"id":"18325835870@s.whatsapp.net","xp":1,"level":1},{"id":"6285848116726@s.whatsapp.net","xp":1,"level":1},{"id":"6285848116726@s.whatsapp.net","xp":1,"level":1},{"id":"6282386149522@s.whatsapp.net","xp":1,"level":1},{"id":"6282386149522@s.whatsapp.net","xp":1,"level":1}]