[{"id":"6289505329516@s.whatsapp.net","name":"Amel!?","time":"09:43:54","serial":"c0d4d351d9fbc707caba"},{"id":"6281228345749@s.whatsapp.net","name":"Dimas?","time":"09:48:06","serial":"72ba20292c912105833a"},{"id":"6283890712130@s.whatsapp.net","name":"JB FISAL STORE","time":"09:48:06","serial":"f3687cde8f43fcbc3807"},{"id":"6282245826313@s.whatsapp.net","name":"~~BOT","time":"09:48:06","serial":"541c3e04bd67b06b45c8"},{"id":"6282315819831@s.whatsapp.net","name":"BOT RIZZ","time":"12:05:35","serial":"8fdc49e18d1377553cd2"},{"id":"18325835870@s.whatsapp.net","name":"Hans","time":"12:05:35","serial":"4898fc4f2e6d1b8da387"},{"id":"6285848116726@s.whatsapp.net","name":"W.H.T","time":"12:05:35","serial":"34e13de1508c54637f5c"},{"id":"6282386149522@s.whatsapp.net","name":"ADITYA","time":"12:05:35","serial":"207d25080f3b19f62441"}]